[
  {
    "type": "function",
    "stateMutability": "view",
    "outputs": [
      {
        "type": "string",
        "name": ""
      }
    ],
    "name": "name",
    "inputs": []
  },
  {
    "type": "function",
    "stateMutability": "view",
    "outputs": [
      {
        "type": "string",
        "name": ""
      }
    ],
    "name": "symbol",
    "inputs": []
  },
  {
    "type": "function",
    "stateMutability": "view",
    "outputs": [
      {
        "type": "uint8",
        "name": ""
      }
    ],
    "name": "decimals",
    "inputs": []
  },
  {
    "type": "function",
    "stateMutability": "view",
    "outputs": [
      {
        "type": "uint256",
        "name": ""
      }
    ],
    "name": "totalSupply",
    "inputs": []
  },
  {
    "type": "function",
    "stateMutability": "view",
    "outputs": [
      {
        "type": "uint256",
        "name": ""
      }
    ],
    "name": "balanceOf",
    "inputs": [
      {
        "type": "address",
        "name": "account"
      }
    ]
  },
  {
    "type": "function",
    "stateMutability": "nonpayable",
    "outputs": [
      {
        "type": "bool",
        "name": ""
      }
    ],
    "name": "transfer",
    "inputs": [
      {
        "type": "address",
        "name": "to"
      },
      {
        "type": "uint256",
        "name": "amount"
      }
    ]
  }
]